ts,market_id,mid,regime,inv,bid,ask
1769837460.479,0x79e0d0ef5c1f118cc24db129ae4db36fd244b531bb9553c62b6db5c97981a691,?,NEUT,0.00,,
1769837462.478,0x79e0d0ef5c1f118cc24db129ae4db36fd244b531bb9553c62b6db5c97981a691,?,NEUT,0.00,,
1769837464.478,0x79e0d0ef5c1f118cc24db129ae4db36fd244b531bb9553c62b6db5c97981a691,0.500,NEUT,0.00,0.1999995,0.7999995
1769837466.482,0x79e0d0ef5c1f118cc24db129ae4db36fd244b531bb9553c62b6db5c97981a691,0.500,NEUT,0.00,0.1999995,0.7999995
1769837468.484,0x79e0d0ef5c1f118cc24db129ae4db36fd244b531bb9553c62b6db5c97981a691,0.500,NEUT,0.00,0.1999995,0.7999995
1769837470.485,0x79e0d0ef5c1f118cc24db129ae4db36fd244b531bb9553c62b6db5c97981a691,0.500,NEUT,0.00,0.1999995,0.7999995
1769837472.486,0x79e0d0ef5c1f118cc24db129ae4db36fd244b531bb9553c62b6db5c97981a691,0.500,NEUT,0.00,0.1999995,0.7999995
1769837474.488,0x79e0d0ef5c1f118cc24db129ae4db36fd244b531bb9553c62b6db5c97981a691,0.500,NEUT,0.00,0.1999995,0.7999995
1769837476.489,0x79e0d0ef5c1f118cc24db129ae4db36fd244b531bb9553c62b6db5c97981a691,0.500,NEUT,0.00,0.1999995,0.7999995
1769837478.493,0x79e0d0ef5c1f118cc24db129ae4db36fd244b531bb9553c62b6db5c97981a691,0.500,NEUT,0.00,0.1999995,0.7999995
1769837480.493,0x79e0d0ef5c1f118cc24db129ae4db36fd244b531bb9553c62b6db5c97981a691,0.500,NEUT,0.00,0.1999995,0.7999995
1769837482.497,0x79e0d0ef5c1f118cc24db129ae4db36fd244b531bb9553c62b6db5c97981a691,0.500,BEAR,0.00,0.1999995,0.7999995
1769837484.498,0x79e0d0ef5c1f118cc24db129ae4db36fd244b531bb9553c62b6db5c97981a691,0.500,NEUT,0.00,0.1499995,0.7499994999999999
1769837486.497,0x79e0d0ef5c1f118cc24db129ae4db36fd244b531bb9553c62b6db5c97981a691,0.500,NEUT,0.00,0.1999995,0.7999995
1769837488.500,0x79e0d0ef5c1f118cc24db129ae4db36fd244b531bb9553c62b6db5c97981a691,0.500,NEUT,0.00,0.1999995,0.7999995
1769837490.501,0x79e0d0ef5c1f118cc24db129ae4db36fd244b531bb9553c62b6db5c97981a691,0.500,NEUT,0.00,0.1999995,0.7999995
1769837492.501,0x79e0d0ef5c1f118cc24db129ae4db36fd244b531bb9553c62b6db5c97981a691,0.500,NEUT,0.00,0.1999995,0.7999995
1769837494.501,0x79e0d0ef5c1f118cc24db129ae4db36fd244b531bb9553c62b6db5c97981a691,0.500,NEUT,0.00,0.1999995,0.7999995
1769837496.505,0x79e0d0ef5c1f118cc24db129ae4db36fd244b531bb9553c62b6db5c97981a691,0.500,NEUT,0.00,0.1999995,0.7999995
1769837498.506,0x79e0d0ef5c1f118cc24db129ae4db36fd244b531bb9553c62b6db5c97981a691,0.500,NEUT,0.00,0.1999995,0.7999995
1769837500.510,0x79e0d0ef5c1f118cc24db129ae4db36fd244b531bb9553c62b6db5c97981a691,0.500,BULL,0.00,0.1999995,0.7999995
1769837502.515,0x79e0d0ef5c1f118cc24db129ae4db36fd244b531bb9553c62b6db5c97981a691,0.500,BEAR,0.00,0.24999949999999999,0.8499995
1769837504.551,0x79e0d0ef5c1f118cc24db129ae4db36fd244b531bb9553c62b6db5c97981a691,0.500,NEUT,0.00,0.1499995,0.7499994999999999
1769837506.700,0x79e0d0ef5c1f118cc24db129ae4db36fd244b531bb9553c62b6db5c97981a691,0.500,NEUT,0.00,0.1999995,0.7999995
1769837508.805,0x79e0d0ef5c1f118cc24db129ae4db36fd244b531bb9553c62b6db5c97981a691,0.500,BULL,0.00,0.1999995,0.7999995
1769837510.819,0x79e0d0ef5c1f118cc24db129ae4db36fd244b531bb9553c62b6db5c97981a691,0.500,NEUT,0.00,0.24999949999999999,0.8499995
1769837512.659,0x79e0d0ef5c1f118cc24db129ae4db36fd244b531bb9553c62b6db5c97981a691,0.500,NEUT,0.00,0.1999995,0.7999995
1769837514.662,0x79e0d0ef5c1f118cc24db129ae4db36fd244b531bb9553c62b6db5c97981a691,0.500,NEUT,0.00,0.1999995,0.7999995
1769837516.663,0x79e0d0ef5c1f118cc24db129ae4db36fd244b531bb9553c62b6db5c97981a691,0.500,NEUT,0.00,0.1999995,0.7999995
1769837518.664,0x79e0d0ef5c1f118cc24db129ae4db36fd244b531bb9553c62b6db5c97981a691,0.500,NEUT,0.00,0.1999995,0.7999995
1769837520.664,0x79e0d0ef5c1f118cc24db129ae4db36fd244b531bb9553c62b6db5c97981a691,0.500,NEUT,0.00,0.1999995,0.7999995
1769837522.797,0x79e0d0ef5c1f118cc24db129ae4db36fd244b531bb9553c62b6db5c97981a691,0.500,NEUT,0.00,0.1999995,0.7999995
1769837524.667,0x79e0d0ef5c1f118cc24db129ae4db36fd244b531bb9553c62b6db5c97981a691,0.500,NEUT,0.00,0.1999995,0.7999995
1769837526.669,0x79e0d0ef5c1f118cc24db129ae4db36fd244b531bb9553c62b6db5c97981a691,0.500,NEUT,0.00,0.1999995,0.7999995
1769837528.671,0x79e0d0ef5c1f118cc24db129ae4db36fd244b531bb9553c62b6db5c97981a691,0.500,NEUT,0.00,0.1999995,0.7999995
1769837530.674,0x79e0d0ef5c1f118cc24db129ae4db36fd244b531bb9553c62b6db5c97981a691,0.500,NEUT,0.00,0.1999995,0.7999995
1769837532.675,0x79e0d0ef5c1f118cc24db129ae4db36fd244b531bb9553c62b6db5c97981a691,0.500,NEUT,0.00,0.1999995,0.7999995
1769837534.679,0x79e0d0ef5c1f118cc24db129ae4db36fd244b531bb9553c62b6db5c97981a691,0.500,NEUT,0.00,0.1999995,0.7999995
1769837536.684,0x79e0d0ef5c1f118cc24db129ae4db36fd244b531bb9553c62b6db5c97981a691,0.500,NEUT,0.00,0.1999995,0.7999995
1769837538.685,0x79e0d0ef5c1f118cc24db129ae4db36fd244b531bb9553c62b6db5c97981a691,0.500,NEUT,0.00,0.1999995,0.7999995
1769837540.683,0x79e0d0ef5c1f118cc24db129ae4db36fd244b531bb9553c62b6db5c97981a691,0.500,NEUT,0.00,0.1999995,0.7999995
1769837542.685,0x79e0d0ef5c1f118cc24db129ae4db36fd244b531bb9553c62b6db5c97981a691,0.500,BULL,0.00,0.19999950000000005,0.7999995
1769837544.688,0x79e0d0ef5c1f118cc24db129ae4db36fd244b531bb9553c62b6db5c97981a691,0.500,BULL,0.00,0.24999950000000004,0.8499995
1769837546.688,0x79e0d0ef5c1f118cc24db129ae4db36fd244b531bb9553c62b6db5c97981a691,0.500,NEUT,0.00,0.24999950000000004,0.8499995
1769837548.690,0x79e0d0ef5c1f118cc24db129ae4db36fd244b531bb9553c62b6db5c97981a691,0.500,NEUT,0.00,0.19999950000000005,0.7999995
1769837550.693,0x79e0d0ef5c1f118cc24db129ae4db36fd244b531bb9553c62b6db5c97981a691,0.500,NEUT,0.00,0.19999950000000005,0.7999995
1769837552.693,0x79e0d0ef5c1f118cc24db129ae4db36fd244b531bb9553c62b6db5c97981a691,0.500,NEUT,0.00,0.19999950000000005,0.7999995
1769837554.695,0x79e0d0ef5c1f118cc24db129ae4db36fd244b531bb9553c62b6db5c97981a691,0.500,NEUT,0.00,0.19999950000000005,0.7999995
1769837556.699,0x79e0d0ef5c1f118cc24db129ae4db36fd244b531bb9553c62b6db5c97981a691,0.500,NEUT,0.00,0.19999950000000005,0.7999995
1769837558.699,0x79e0d0ef5c1f118cc24db129ae4db36fd244b531bb9553c62b6db5c97981a691,0.500,NEUT,0.00,0.19999950000000005,0.7999995
1769837560.701,0x79e0d0ef5c1f118cc24db129ae4db36fd244b531bb9553c62b6db5c97981a691,0.500,NEUT,0.00,0.19999950000000005,0.7999995
1769837562.702,0x79e0d0ef5c1f118cc24db129ae4db36fd244b531bb9553c62b6db5c97981a691,0.500,NEUT,0.00,0.19999950000000005,0.7999995
1769837564.704,0x79e0d0ef5c1f118cc24db129ae4db36fd244b531bb9553c62b6db5c97981a691,0.500,NEUT,0.00,0.19999950000000005,0.7999995
1769837566.708,0x79e0d0ef5c1f118cc24db129ae4db36fd244b531bb9553c62b6db5c97981a691,0.500,NEUT,0.00,0.19999950000000005,0.7999995
1769837568.709,0x79e0d0ef5c1f118cc24db129ae4db36fd244b531bb9553c62b6db5c97981a691,0.500,NEUT,0.00,0.19999950000000005,0.7999995
1769837570.709,0x79e0d0ef5c1f118cc24db129ae4db36fd244b531bb9553c62b6db5c97981a691,0.500,NEUT,0.00,0.19999950000000005,0.7999995
1769837572.712,0x79e0d0ef5c1f118cc24db129ae4db36fd244b531bb9553c62b6db5c97981a691,0.500,NEUT,0.00,0.19999950000000005,0.7999995
1769837574.713,0x79e0d0ef5c1f118cc24db129ae4db36fd244b531bb9553c62b6db5c97981a691,0.500,NEUT,0.00,0.19999950000000005,0.7999995
1769837576.715,0x79e0d0ef5c1f118cc24db129ae4db36fd244b531bb9553c62b6db5c97981a691,0.500,NEUT,0.00,0.19999950000000005,0.7999995
1769837578.719,0x79e0d0ef5c1f118cc24db129ae4db36fd244b531bb9553c62b6db5c97981a691,0.500,NEUT,0.00,0.19999950000000005,0.7999995
1769837580.763,0x79e0d0ef5c1f118cc24db129ae4db36fd244b531bb9553c62b6db5c97981a691,0.500,NEUT,0.00,0.19999950000000005,0.7999995
1769837582.724,0x79e0d0ef5c1f118cc24db129ae4db36fd244b531bb9553c62b6db5c97981a691,0.500,NEUT,0.00,0.19999950000000005,0.7999995
1769837584.724,0x79e0d0ef5c1f118cc24db129ae4db36fd244b531bb9553c62b6db5c97981a691,0.500,NEUT,0.00,0.19999950000000005,0.7999995
1769837586.769,0x79e0d0ef5c1f118cc24db129ae4db36fd244b531bb9553c62b6db5c97981a691,0.500,NEUT,0.00,0.19999950000000005,0.7999995
1769837588.725,0x79e0d0ef5c1f118cc24db129ae4db36fd244b531bb9553c62b6db5c97981a691,0.500,NEUT,0.00,0.19999950000000005,0.7999995
1769837590.728,0x79e0d0ef5c1f118cc24db129ae4db36fd244b531bb9553c62b6db5c97981a691,0.500,NEUT,0.00,0.19999950000000005,0.7999995
1769837592.730,0x79e0d0ef5c1f118cc24db129ae4db36fd244b531bb9553c62b6db5c97981a691,0.500,NEUT,0.00,0.19999950000000005,0.7999995
1769837594.729,0x79e0d0ef5c1f118cc24db129ae4db36fd244b531bb9553c62b6db5c97981a691,0.500,NEUT,0.00,0.19999950000000005,0.7999995
1769837596.734,0x79e0d0ef5c1f118cc24db129ae4db36fd244b531bb9553c62b6db5c97981a691,0.500,NEUT,0.00,0.19999950000000005,0.7999995
1769837598.759,0x79e0d0ef5c1f118cc24db129ae4db36fd244b531bb9553c62b6db5c97981a691,0.500,NEUT,0.00,0.19999950000000005,0.7999995
1769837600.737,0x79e0d0ef5c1f118cc24db129ae4db36fd244b531bb9553c62b6db5c97981a691,0.500,NEUT,0.00,0.19999950000000005,0.7999995
1769837602.737,0x79e0d0ef5c1f118cc24db129ae4db36fd244b531bb9553c62b6db5c97981a691,0.500,NEUT,0.00,0.19999950000000005,0.7999995
1769837604.737,0x79e0d0ef5c1f118cc24db129ae4db36fd244b531bb9553c62b6db5c97981a691,0.500,NEUT,0.00,0.19999950000000005,0.7999995
1769837606.741,0x79e0d0ef5c1f118cc24db129ae4db36fd244b531bb9553c62b6db5c97981a691,0.500,NEUT,0.00,0.19999950000000005,0.7999995
1769837608.739,0x79e0d0ef5c1f118cc24db129ae4db36fd244b531bb9553c62b6db5c97981a691,0.500,NEUT,0.00,0.19999950000000005,0.7999995
1769837610.742,0x79e0d0ef5c1f118cc24db129ae4db36fd244b531bb9553c62b6db5c97981a691,0.500,NEUT,0.00,0.19999950000000005,0.7999995
1769837612.748,0x79e0d0ef5c1f118cc24db129ae4db36fd244b531bb9553c62b6db5c97981a691,0.500,NEUT,0.00,0.19999950000000005,0.7999995
1769837614.750,0x79e0d0ef5c1f118cc24db129ae4db36fd244b531bb9553c62b6db5c97981a691,0.500,NEUT,0.00,0.19999950000000005,0.7999995
1769837616.751,0x79e0d0ef5c1f118cc24db129ae4db36fd244b531bb9553c62b6db5c97981a691,0.500,NEUT,0.00,0.19999950000000005,0.7999995
1769837618.750,0x79e0d0ef5c1f118cc24db129ae4db36fd244b531bb9553c62b6db5c97981a691,0.500,NEUT,0.00,0.19999950000000005,0.7999995
1769837620.752,0x79e0d0ef5c1f118cc24db129ae4db36fd244b531bb9553c62b6db5c97981a691,0.500,NEUT,0.00,0.19999950000000005,0.7999995
1769837622.755,0x79e0d0ef5c1f118cc24db129ae4db36fd244b531bb9553c62b6db5c97981a691,0.500,NEUT,0.00,0.19999950000000005,0.7999995
1769837624.759,0x79e0d0ef5c1f118cc24db129ae4db36fd244b531bb9553c62b6db5c97981a691,0.500,NEUT,0.00,0.19999950000000005,0.7999995
1769837626.756,0x79e0d0ef5c1f118cc24db129ae4db36fd244b531bb9553c62b6db5c97981a691,0.500,NEUT,0.00,0.19999950000000005,0.7999995
1769837628.759,0x79e0d0ef5c1f118cc24db129ae4db36fd244b531bb9553c62b6db5c97981a691,0.500,NEUT,0.00,0.19999950000000005,0.7999995
1769837630.763,0x79e0d0ef5c1f118cc24db129ae4db36fd244b531bb9553c62b6db5c97981a691,0.500,NEUT,0.00,0.19999950000000005,0.7999995
1769837632.763,0x79e0d0ef5c1f118cc24db129ae4db36fd244b531bb9553c62b6db5c97981a691,0.500,NEUT,0.00,0.19999950000000005,0.7999995
1769837634.765,0x79e0d0ef5c1f118cc24db129ae4db36fd244b531bb9553c62b6db5c97981a691,0.500,NEUT,0.00,0.19999950000000005,0.7999995
1769837636.765,0x79e0d0ef5c1f118cc24db129ae4db36fd244b531bb9553c62b6db5c97981a691,0.500,NEUT,0.00,0.19999950000000005,0.7999995
1769837638.767,0x79e0d0ef5c1f118cc24db129ae4db36fd244b531bb9553c62b6db5c97981a691,0.500,NEUT,0.00,0.19999950000000005,0.7999995
1769837640.769,0x79e0d0ef5c1f118cc24db129ae4db36fd244b531bb9553c62b6db5c97981a691,0.500,NEUT,0.00,,
1769837642.769,0x79e0d0ef5c1f118cc24db129ae4db36fd244b531bb9553c62b6db5c97981a691,0.500,BEAR,0.00,0.1999995,0.7999995
1769837644.771,0x79e0d0ef5c1f118cc24db129ae4db36fd244b531bb9553c62b6db5c97981a691,0.500,BEAR,0.00,0.1499995,0.7499994999999999
1769837646.773,0x79e0d0ef5c1f118cc24db129ae4db36fd244b531bb9553c62b6db5c97981a691,0.500,BEAR,0.00,0.1499995,0.7499994999999999
1769837648.774,0x79e0d0ef5c1f118cc24db129ae4db36fd244b531bb9553c62b6db5c97981a691,0.500,BEAR,0.00,0.1499995,0.7499994999999999
1769837650.777,0x79e0d0ef5c1f118cc24db129ae4db36fd244b531bb9553c62b6db5c97981a691,0.500,BEAR,0.00,0.1499995,0.7499994999999999
1769837652.778,0x79e0d0ef5c1f118cc24db129ae4db36fd244b531bb9553c62b6db5c97981a691,0.500,BEAR,0.00,0.1499995,0.7499994999999999
1769837654.781,0x79e0d0ef5c1f118cc24db129ae4db36fd244b531bb9553c62b6db5c97981a691,0.500,BEAR,0.00,0.1499995,0.7499994999999999
1769837656.781,0x79e0d0ef5c1f118cc24db129ae4db36fd244b531bb9553c62b6db5c97981a691,0.500,BEAR,0.00,0.1499995,0.7499994999999999
1769837658.793,0x79e0d0ef5c1f118cc24db129ae4db36fd244b531bb9553c62b6db5c97981a691,0.500,BEAR,0.00,0.1499995,0.7499994999999999
1769837660.793,0x79e0d0ef5c1f118cc24db129ae4db36fd244b531bb9553c62b6db5c97981a691,0.500,BEAR,0.00,0.1499995,0.7499994999999999
1769837662.787,0x79e0d0ef5c1f118cc24db129ae4db36fd244b531bb9553c62b6db5c97981a691,0.500,BEAR,0.00,0.1499995,0.7499994999999999
1769837664.798,0x79e0d0ef5c1f118cc24db129ae4db36fd244b531bb9553c62b6db5c97981a691,0.500,BEAR,0.00,0.1499995,0.7499994999999999
1769837666.789,0x79e0d0ef5c1f118cc24db129ae4db36fd244b531bb9553c62b6db5c97981a691,0.500,BEAR,0.00,0.1499995,0.7499994999999999
1769837668.789,0x79e0d0ef5c1f118cc24db129ae4db36fd244b531bb9553c62b6db5c97981a691,0.500,BEAR,0.00,0.1499995,0.7499994999999999
1769837670.797,0x79e0d0ef5c1f118cc24db129ae4db36fd244b531bb9553c62b6db5c97981a691,0.500,BEAR,0.00,0.1499995,0.7499994999999999
1769837672.795,0x79e0d0ef5c1f118cc24db129ae4db36fd244b531bb9553c62b6db5c97981a691,0.500,BEAR,0.00,0.1499995,0.7499994999999999
1769837674.799,0x79e0d0ef5c1f118cc24db129ae4db36fd244b531bb9553c62b6db5c97981a691,0.500,BEAR,0.00,0.1499995,0.7499994999999999
1769837676.809,0x79e0d0ef5c1f118cc24db129ae4db36fd244b531bb9553c62b6db5c97981a691,0.500,BEAR,0.00,0.1499995,0.7499994999999999
1769837678.802,0x79e0d0ef5c1f118cc24db129ae4db36fd244b531bb9553c62b6db5c97981a691,0.500,BEAR,0.00,0.1499995,0.7499994999999999
1769837680.798,0x79e0d0ef5c1f118cc24db129ae4db36fd244b531bb9553c62b6db5c97981a691,0.500,BEAR,0.00,0.1499995,0.7499994999999999
1769837682.799,0x79e0d0ef5c1f118cc24db129ae4db36fd244b531bb9553c62b6db5c97981a691,0.500,BEAR,0.00,0.1499995,0.7499994999999999
1769837684.803,0x79e0d0ef5c1f118cc24db129ae4db36fd244b531bb9553c62b6db5c97981a691,0.500,BEAR,0.00,0.1499995,0.7499994999999999
1769837686.805,0x79e0d0ef5c1f118cc24db129ae4db36fd244b531bb9553c62b6db5c97981a691,0.500,BEAR,0.00,0.1499995,0.7499994999999999
1769837688.804,0x79e0d0ef5c1f118cc24db129ae4db36fd244b531bb9553c62b6db5c97981a691,0.500,BEAR,0.00,0.1499995,0.7499994999999999
1769837690.808,0x79e0d0ef5c1f118cc24db129ae4db36fd244b531bb9553c62b6db5c97981a691,0.500,BEAR,0.00,,
1769837692.807,0x79e0d0ef5c1f118cc24db129ae4db36fd244b531bb9553c62b6db5c97981a691,0.500,BEAR,0.00,,
1769837694.809,0x79e0d0ef5c1f118cc24db129ae4db36fd244b531bb9553c62b6db5c97981a691,0.500,BEAR,0.00,,
1769837696.811,0x79e0d0ef5c1f118cc24db129ae4db36fd244b531bb9553c62b6db5c97981a691,0.500,NEUT,0.00,,
1769837698.814,0x79e0d0ef5c1f118cc24db129ae4db36fd244b531bb9553c62b6db5c97981a691,0.500,NEUT,0.00,,
1769837700.819,0x79e0d0ef5c1f118cc24db129ae4db36fd244b531bb9553c62b6db5c97981a691,0.500,NEUT,0.00,,
1769837702.819,0x79e0d0ef5c1f118cc24db129ae4db36fd244b531bb9553c62b6db5c97981a691,0.500,NEUT,0.00,,
1769837704.820,0x79e0d0ef5c1f118cc24db129ae4db36fd244b531bb9553c62b6db5c97981a691,0.500,NEUT,0.00,,
1769837706.823,0x79e0d0ef5c1f118cc24db129ae4db36fd244b531bb9553c62b6db5c97981a691,0.500,NEUT,0.00,,
1769837708.825,0x79e0d0ef5c1f118cc24db129ae4db36fd244b531bb9553c62b6db5c97981a691,0.500,NEUT,0.00,,
1769837710.826,0x79e0d0ef5c1f118cc24db129ae4db36fd244b531bb9553c62b6db5c97981a691,0.500,NEUT,0.00,,
1769837712.828,0x79e0d0ef5c1f118cc24db129ae4db36fd244b531bb9553c62b6db5c97981a691,0.500,NEUT,0.00,0.1999995,0.7999995
1769837714.828,0x79e0d0ef5c1f118cc24db129ae4db36fd244b531bb9553c62b6db5c97981a691,0.500,NEUT,0.00,0.1999995,0.7999995
1769837716.830,0x79e0d0ef5c1f118cc24db129ae4db36fd244b531bb9553c62b6db5c97981a691,0.500,NEUT,0.00,0.1999995,0.7999995
1769837718.833,0x79e0d0ef5c1f118cc24db129ae4db36fd244b531bb9553c62b6db5c97981a691,0.500,NEUT,0.00,0.1999995,0.7999995
1769837720.834,0x79e0d0ef5c1f118cc24db129ae4db36fd244b531bb9553c62b6db5c97981a691,0.500,NEUT,0.00,0.1999995,0.7999995
1769837722.839,0x79e0d0ef5c1f118cc24db129ae4db36fd244b531bb9553c62b6db5c97981a691,0.500,NEUT,0.00,0.1999995,0.7999995
1769837724.839,0x79e0d0ef5c1f118cc24db129ae4db36fd244b531bb9553c62b6db5c97981a691,0.500,NEUT,0.00,0.1999995,0.7999995
1769837726.843,0x79e0d0ef5c1f118cc24db129ae4db36fd244b531bb9553c62b6db5c97981a691,0.500,NEUT,0.00,0.1999995,0.7999995
1769837728.843,0x79e0d0ef5c1f118cc24db129ae4db36fd244b531bb9553c62b6db5c97981a691,0.500,NEUT,0.00,0.1999995,0.7999995
1769837730.846,0x79e0d0ef5c1f118cc24db129ae4db36fd244b531bb9553c62b6db5c97981a691,0.500,NEUT,0.00,0.1999995,0.7999995
1769837732.850,0x79e0d0ef5c1f118cc24db129ae4db36fd244b531bb9553c62b6db5c97981a691,0.500,NEUT,0.00,0.1999995,0.7999995
1769837734.852,0x79e0d0ef5c1f118cc24db129ae4db36fd244b531bb9553c62b6db5c97981a691,0.500,NEUT,0.00,0.1999995,0.7999995
1769837736.848,0x79e0d0ef5c1f118cc24db129ae4db36fd244b531bb9553c62b6db5c97981a691,0.500,NEUT,0.00,0.1999995,0.7999995
1769837738.852,0x79e0d0ef5c1f118cc24db129ae4db36fd244b531bb9553c62b6db5c97981a691,0.500,NEUT,0.00,0.1999995,0.7999995
1769837740.853,0x79e0d0ef5c1f118cc24db129ae4db36fd244b531bb9553c62b6db5c97981a691,0.500,NEUT,0.00,0.1999995,0.7999995
1769837742.852,0x79e0d0ef5c1f118cc24db129ae4db36fd244b531bb9553c62b6db5c97981a691,0.500,BULL,0.00,0.19999950000000005,0.7999995
1769837744.853,0x79e0d0ef5c1f118cc24db129ae4db36fd244b531bb9553c62b6db5c97981a691,0.500,BULL,0.00,0.24999950000000004,0.8499995
1769837746.857,0x79e0d0ef5c1f118cc24db129ae4db36fd244b531bb9553c62b6db5c97981a691,0.500,NEUT,0.00,0.24999950000000004,0.8499995
1769837748.858,0x79e0d0ef5c1f118cc24db129ae4db36fd244b531bb9553c62b6db5c97981a691,0.500,NEUT,0.00,0.19999950000000005,0.7999995
1769837750.858,0x79e0d0ef5c1f118cc24db129ae4db36fd244b531bb9553c62b6db5c97981a691,0.500,NEUT,0.00,0.19999950000000005,0.7999995
1769837752.857,0x79e0d0ef5c1f118cc24db129ae4db36fd244b531bb9553c62b6db5c97981a691,0.500,BEAR,0.00,0.1999995,0.7999995
1769837754.857,0x79e0d0ef5c1f118cc24db129ae4db36fd244b531bb9553c62b6db5c97981a691,0.500,BEAR,0.00,0.1499995,0.7499994999999999
1769837756.874,0x79e0d0ef5c1f118cc24db129ae4db36fd244b531bb9553c62b6db5c97981a691,0.500,BEAR,0.00,0.1499995,0.7499994999999999
1769837758.861,0x79e0d0ef5c1f118cc24db129ae4db36fd244b531bb9553c62b6db5c97981a691,0.500,BEAR,0.00,0.1499995,0.7499994999999999
1769837760.862,0x79e0d0ef5c1f118cc24db129ae4db36fd244b531bb9553c62b6db5c97981a691,0.500,BEAR,0.00,0.1499995,0.7499994999999999
1769837762.864,0x79e0d0ef5c1f118cc24db129ae4db36fd244b531bb9553c62b6db5c97981a691,0.500,BEAR,0.00,0.1499995,0.7499994999999999
1769837764.865,0x79e0d0ef5c1f118cc24db129ae4db36fd244b531bb9553c62b6db5c97981a691,0.500,BEAR,0.00,0.1499995,0.7499994999999999
1769837766.873,0x79e0d0ef5c1f118cc24db129ae4db36fd244b531bb9553c62b6db5c97981a691,0.500,BEAR,0.00,0.1499995,0.7499994999999999
1769837768.868,0x79e0d0ef5c1f118cc24db129ae4db36fd244b531bb9553c62b6db5c97981a691,0.500,BEAR,0.00,0.1499995,0.7499994999999999
1769837770.870,0x79e0d0ef5c1f118cc24db129ae4db36fd244b531bb9553c62b6db5c97981a691,0.500,BEAR,0.00,0.1499995,0.7499994999999999
1769837772.873,0x79e0d0ef5c1f118cc24db129ae4db36fd244b531bb9553c62b6db5c97981a691,0.500,BEAR,0.00,0.1499995,0.7499994999999999
1769837774.873,0x79e0d0ef5c1f118cc24db129ae4db36fd244b531bb9553c62b6db5c97981a691,0.500,BEAR,0.00,0.1499995,0.7499994999999999
1769837776.875,0x79e0d0ef5c1f118cc24db129ae4db36fd244b531bb9553c62b6db5c97981a691,0.500,BEAR,0.00,0.1499995,0.7499994999999999
1769837778.876,0x79e0d0ef5c1f118cc24db129ae4db36fd244b531bb9553c62b6db5c97981a691,0.500,BEAR,0.00,0.1499995,0.7499994999999999
1769837780.876,0x79e0d0ef5c1f118cc24db129ae4db36fd244b531bb9553c62b6db5c97981a691,0.500,BEAR,0.00,0.1499995,0.7499994999999999
1769837782.876,0x79e0d0ef5c1f118cc24db129ae4db36fd244b531bb9553c62b6db5c97981a691,0.500,BEAR,0.00,0.1499995,0.7499994999999999
1769837784.877,0x79e0d0ef5c1f118cc24db129ae4db36fd244b531bb9553c62b6db5c97981a691,0.500,BEAR,0.00,0.1499995,0.7499994999999999
1769837786.881,0x79e0d0ef5c1f118cc24db129ae4db36fd244b531bb9553c62b6db5c97981a691,0.500,BEAR,0.00,0.1499995,0.7499994999999999
1769837788.882,0x79e0d0ef5c1f118cc24db129ae4db36fd244b531bb9553c62b6db5c97981a691,0.500,BEAR,0.00,0.1499995,0.7499994999999999
1769837790.883,0x79e0d0ef5c1f118cc24db129ae4db36fd244b531bb9553c62b6db5c97981a691,0.500,BEAR,0.00,0.1499995,0.7499994999999999
1769837792.884,0x79e0d0ef5c1f118cc24db129ae4db36fd244b531bb9553c62b6db5c97981a691,0.500,BEAR,0.00,0.1499995,0.7499994999999999
1769837794.887,0x79e0d0ef5c1f118cc24db129ae4db36fd244b531bb9553c62b6db5c97981a691,0.500,BEAR,0.00,0.1499995,0.7499994999999999
1769837796.893,0x79e0d0ef5c1f118cc24db129ae4db36fd244b531bb9553c62b6db5c97981a691,0.500,BEAR,0.00,0.1499995,0.7499994999999999
1769837798.888,0x79e0d0ef5c1f118cc24db129ae4db36fd244b531bb9553c62b6db5c97981a691,0.500,BEAR,0.00,0.1499995,0.7499994999999999
1769837800.890,0x79e0d0ef5c1f118cc24db129ae4db36fd244b531bb9553c62b6db5c97981a691,0.500,BEAR,0.00,0.1499995,0.7499994999999999
1769837802.890,0x79e0d0ef5c1f118cc24db129ae4db36fd244b531bb9553c62b6db5c97981a691,0.500,BEAR,0.00,0.1499995,0.7499994999999999
1769837804.895,0x79e0d0ef5c1f118cc24db129ae4db36fd244b531bb9553c62b6db5c97981a691,0.500,BEAR,0.00,0.1499995,0.7499994999999999
1769837806.897,0x79e0d0ef5c1f118cc24db129ae4db36fd244b531bb9553c62b6db5c97981a691,0.500,NEUT,0.00,0.1499995,0.7499994999999999
1769837808.901,0x79e0d0ef5c1f118cc24db129ae4db36fd244b531bb9553c62b6db5c97981a691,0.500,NEUT,0.00,0.1999995,0.7999995
1769837810.898,0x79e0d0ef5c1f118cc24db129ae4db36fd244b531bb9553c62b6db5c97981a691,0.500,NEUT,0.00,0.1999995,0.7999995
1769837812.962,0x79e0d0ef5c1f118cc24db129ae4db36fd244b531bb9553c62b6db5c97981a691,0.500,BULL,0.00,0.19999950000000005,0.7999995
1769837815.052,0x79e0d0ef5c1f118cc24db129ae4db36fd244b531bb9553c62b6db5c97981a691,0.500,BULL,0.00,0.24999950000000004,0.8499995
1769837817.252,0x79e0d0ef5c1f118cc24db129ae4db36fd244b531bb9553c62b6db5c97981a691,0.500,NEUT,0.00,0.24999950000000004,0.8499995
1769837819.361,0x79e0d0ef5c1f118cc24db129ae4db36fd244b531bb9553c62b6db5c97981a691,0.500,NEUT,0.00,0.19999950000000005,0.7999995
1769837821.141,0x79e0d0ef5c1f118cc24db129ae4db36fd244b531bb9553c62b6db5c97981a691,0.500,NEUT,0.00,0.19999950000000005,0.7999995
1769837823.149,0x79e0d0ef5c1f118cc24db129ae4db36fd244b531bb9553c62b6db5c97981a691,0.500,NEUT,0.00,0.19999950000000005,0.7999995
1769837825.146,0x79e0d0ef5c1f118cc24db129ae4db36fd244b531bb9553c62b6db5c97981a691,0.500,NEUT,0.00,0.19999950000000005,0.7999995
1769837827.149,0x79e0d0ef5c1f118cc24db129ae4db36fd244b531bb9553c62b6db5c97981a691,0.500,NEUT,0.00,0.19999950000000005,0.7999995
1769837829.151,0x79e0d0ef5c1f118cc24db129ae4db36fd244b531bb9553c62b6db5c97981a691,0.500,NEUT,0.00,0.19999950000000005,0.7999995
1769837831.149,0x79e0d0ef5c1f118cc24db129ae4db36fd244b531bb9553c62b6db5c97981a691,0.500,NEUT,0.00,0.19999950000000005,0.7999995
1769837833.153,0x79e0d0ef5c1f118cc24db129ae4db36fd244b531bb9553c62b6db5c97981a691,0.500,NEUT,0.00,0.19999950000000005,0.7999995
1769837835.154,0x79e0d0ef5c1f118cc24db129ae4db36fd244b531bb9553c62b6db5c97981a691,0.500,NEUT,0.00,0.19999950000000005,0.7999995
1769837837.155,0x79e0d0ef5c1f118cc24db129ae4db36fd244b531bb9553c62b6db5c97981a691,0.500,NEUT,0.00,0.19999950000000005,0.7999995
1769837839.158,0x79e0d0ef5c1f118cc24db129ae4db36fd244b531bb9553c62b6db5c97981a691,0.500,NEUT,0.00,0.19999950000000005,0.7999995
1769837841.158,0x79e0d0ef5c1f118cc24db129ae4db36fd244b531bb9553c62b6db5c97981a691,0.500,NEUT,0.00,0.19999950000000005,0.7999995
1769837843.161,0x79e0d0ef5c1f118cc24db129ae4db36fd244b531bb9553c62b6db5c97981a691,0.500,NEUT,0.00,0.19999950000000005,0.7999995
1769837845.176,0x79e0d0ef5c1f118cc24db129ae4db36fd244b531bb9553c62b6db5c97981a691,0.500,NEUT,0.00,0.19999950000000005,0.7999995
1769837847.167,0x79e0d0ef5c1f118cc24db129ae4db36fd244b531bb9553c62b6db5c97981a691,0.500,NEUT,0.00,0.19999950000000005,0.7999995
1769837849.167,0x79e0d0ef5c1f118cc24db129ae4db36fd244b531bb9553c62b6db5c97981a691,0.500,NEUT,0.00,0.19999950000000005,0.7999995
1769837851.167,0x79e0d0ef5c1f118cc24db129ae4db36fd244b531bb9553c62b6db5c97981a691,0.500,NEUT,0.00,0.19999950000000005,0.7999995
1769837853.169,0x79e0d0ef5c1f118cc24db129ae4db36fd244b531bb9553c62b6db5c97981a691,0.500,NEUT,0.00,0.19999950000000005,0.7999995
1769837855.172,0x79e0d0ef5c1f118cc24db129ae4db36fd244b531bb9553c62b6db5c97981a691,0.500,NEUT,0.00,0.19999950000000005,0.7999995
1769837857.172,0x79e0d0ef5c1f118cc24db129ae4db36fd244b531bb9553c62b6db5c97981a691,0.500,NEUT,0.00,0.19999950000000005,0.7999995
1769837859.172,0x79e0d0ef5c1f118cc24db129ae4db36fd244b531bb9553c62b6db5c97981a691,0.500,NEUT,0.00,0.19999950000000005,0.7999995
1769837861.174,0x79e0d0ef5c1f118cc24db129ae4db36fd244b531bb9553c62b6db5c97981a691,0.500,NEUT,0.00,0.19999950000000005,0.7999995
1769837863.175,0x79e0d0ef5c1f118cc24db129ae4db36fd244b531bb9553c62b6db5c97981a691,0.500,NEUT,0.00,0.19999950000000005,0.7999995
1769837865.177,0x79e0d0ef5c1f118cc24db129ae4db36fd244b531bb9553c62b6db5c97981a691,0.500,NEUT,0.00,0.19999950000000005,0.7999995
1769837867.180,0x79e0d0ef5c1f118cc24db129ae4db36fd244b531bb9553c62b6db5c97981a691,0.500,NEUT,0.00,,
1769837869.181,0x79e0d0ef5c1f118cc24db129ae4db36fd244b531bb9553c62b6db5c97981a691,0.500,NEUT,0.00,,
1769837871.185,0x79e0d0ef5c1f118cc24db129ae4db36fd244b531bb9553c62b6db5c97981a691,0.500,NEUT,0.00,,
1769837873.186,0x79e0d0ef5c1f118cc24db129ae4db36fd244b531bb9553c62b6db5c97981a691,0.500,NEUT,0.00,,
1769837875.186,0x79e0d0ef5c1f118cc24db129ae4db36fd244b531bb9553c62b6db5c97981a691,0.500,NEUT,0.00,,
1769837877.190,0x79e0d0ef5c1f118cc24db129ae4db36fd244b531bb9553c62b6db5c97981a691,0.500,NEUT,0.00,,
1769837879.194,0x79e0d0ef5c1f118cc24db129ae4db36fd244b531bb9553c62b6db5c97981a691,0.500,NEUT,0.00,,
1769837881.197,0x79e0d0ef5c1f118cc24db129ae4db36fd244b531bb9553c62b6db5c97981a691,0.500,NEUT,0.00,,
1769837883.295,0x79e0d0ef5c1f118cc24db129ae4db36fd244b531bb9553c62b6db5c97981a691,0.500,NEUT,0.00,,
1769837885.196,0x79e0d0ef5c1f118cc24db129ae4db36fd244b531bb9553c62b6db5c97981a691,0.500,NEUT,0.00,,
1769837887.200,0x79e0d0ef5c1f118cc24db129ae4db36fd244b531bb9553c62b6db5c97981a691,0.500,NEUT,0.00,,
1769837889.201,0x79e0d0ef5c1f118cc24db129ae4db36fd244b531bb9553c62b6db5c97981a691,0.500,NEUT,0.00,,
1769837891.209,0x79e0d0ef5c1f118cc24db129ae4db36fd244b531bb9553c62b6db5c97981a691,0.500,NEUT,0.00,,
1769837893.208,0x79e0d0ef5c1f118cc24db129ae4db36fd244b531bb9553c62b6db5c97981a691,0.500,NEUT,0.00,,
1769837895.208,0x79e0d0ef5c1f118cc24db129ae4db36fd244b531bb9553c62b6db5c97981a691,0.500,NEUT,0.00,,
1769837897.210,0x79e0d0ef5c1f118cc24db129ae4db36fd244b531bb9553c62b6db5c97981a691,0.500,NEUT,0.00,,
1769837899.211,0x79e0d0ef5c1f118cc24db129ae4db36fd244b531bb9553c62b6db5c97981a691,0.500,NEUT,0.00,,
1769837901.217,0x79e0d0ef5c1f118cc24db129ae4db36fd244b531bb9553c62b6db5c97981a691,0.500,NEUT,0.00,,
1769837903.215,0x79e0d0ef5c1f118cc24db129ae4db36fd244b531bb9553c62b6db5c97981a691,0.500,NEUT,0.00,,
1769837905.216,0x79e0d0ef5c1f118cc24db129ae4db36fd244b531bb9553c62b6db5c97981a691,0.500,NEUT,0.00,,
1769837907.219,0x79e0d0ef5c1f118cc24db129ae4db36fd244b531bb9553c62b6db5c97981a691,0.500,NEUT,0.00,,
1769837909.220,0x79e0d0ef5c1f118cc24db129ae4db36fd244b531bb9553c62b6db5c97981a691,0.500,NEUT,0.00,,
1769837911.223,0x79e0d0ef5c1f118cc24db129ae4db36fd244b531bb9553c62b6db5c97981a691,0.524,BULL,0.00,0.22357850000000007,0.8235785
1769837913.221,0x79e0d0ef5c1f118cc24db129ae4db36fd244b531bb9553c62b6db5c97981a691,0.500,BEAR,0.00,0.24999950000000004,0.8499995
1769837915.222,0x79e0d0ef5c1f118cc24db129ae4db36fd244b531bb9553c62b6db5c97981a691,0.500,BEAR,0.00,0.14999950000000006,0.7499994999999999
1769837917.225,0x79e0d0ef5c1f118cc24db129ae4db36fd244b531bb9553c62b6db5c97981a691,0.500,BEAR,0.00,0.14999950000000006,0.7499994999999999
1769837919.228,0x79e0d0ef5c1f118cc24db129ae4db36fd244b531bb9553c62b6db5c97981a691,0.500,BEAR,0.00,0.14999950000000006,0.7499994999999999
1769837921.230,0x79e0d0ef5c1f118cc24db129ae4db36fd244b531bb9553c62b6db5c97981a691,0.500,BEAR,0.00,0.14999950000000006,0.7499994999999999
1769837923.230,0x79e0d0ef5c1f118cc24db129ae4db36fd244b531bb9553c62b6db5c97981a691,0.500,BEAR,0.00,0.14999950000000006,0.7499994999999999
1769837925.233,0x79e0d0ef5c1f118cc24db129ae4db36fd244b531bb9553c62b6db5c97981a691,0.500,BEAR,0.00,0.14999950000000006,0.7499994999999999
1769837927.235,0x79e0d0ef5c1f118cc24db129ae4db36fd244b531bb9553c62b6db5c97981a691,0.500,BEAR,0.00,0.14999950000000006,0.7499994999999999
1769837929.236,0x79e0d0ef5c1f118cc24db129ae4db36fd244b531bb9553c62b6db5c97981a691,0.500,BEAR,0.00,0.14999950000000006,0.7499994999999999
1769837931.238,0x79e0d0ef5c1f118cc24db129ae4db36fd244b531bb9553c62b6db5c97981a691,0.500,BEAR,0.00,0.14999950000000006,0.7499994999999999
1769837933.250,0x79e0d0ef5c1f118cc24db129ae4db36fd244b531bb9553c62b6db5c97981a691,0.500,BEAR,0.00,0.14999950000000006,0.7499994999999999
1769837935.240,0x79e0d0ef5c1f118cc24db129ae4db36fd244b531bb9553c62b6db5c97981a691,0.500,BEAR,0.00,0.14999950000000006,0.7499994999999999
1769837937.243,0x79e0d0ef5c1f118cc24db129ae4db36fd244b531bb9553c62b6db5c97981a691,0.500,BEAR,0.00,0.14999950000000006,0.7499994999999999
1769837939.243,0x79e0d0ef5c1f118cc24db129ae4db36fd244b531bb9553c62b6db5c97981a691,0.500,BEAR,0.00,0.14999950000000006,0.7499994999999999
1769837941.246,0x79e0d0ef5c1f118cc24db129ae4db36fd244b531bb9553c62b6db5c97981a691,0.550,BULL,0.00,0.19967750000000006,0.7996775
1769837943.246,0x79e0d0ef5c1f118cc24db129ae4db36fd244b531bb9553c62b6db5c97981a691,0.500,BEAR,0.00,0.24999949999999999,0.8499995
1769837945.248,0x79e0d0ef5c1f118cc24db129ae4db36fd244b531bb9553c62b6db5c97981a691,0.500,BEAR,0.00,0.1499995,0.7499994999999999
1769837947.251,0x79e0d0ef5c1f118cc24db129ae4db36fd244b531bb9553c62b6db5c97981a691,0.500,BEAR,0.00,0.1499995,0.7499994999999999
1769837949.252,0x79e0d0ef5c1f118cc24db129ae4db36fd244b531bb9553c62b6db5c97981a691,0.500,BEAR,0.00,0.1499995,0.7499994999999999
1769837951.251,0x79e0d0ef5c1f118cc24db129ae4db36fd244b531bb9553c62b6db5c97981a691,0.500,BEAR,0.00,0.1499995,0.7499994999999999
1769837953.257,0x79e0d0ef5c1f118cc24db129ae4db36fd244b531bb9553c62b6db5c97981a691,0.500,BEAR,0.00,0.1499995,0.7499994999999999
1769837955.253,0x79e0d0ef5c1f118cc24db129ae4db36fd244b531bb9553c62b6db5c97981a691,0.500,BEAR,0.00,0.1499995,0.7499994999999999
1769837957.258,0x79e0d0ef5c1f118cc24db129ae4db36fd244b531bb9553c62b6db5c97981a691,0.500,BEAR,0.00,0.1499995,0.7499994999999999
1769837959.259,0x79e0d0ef5c1f118cc24db129ae4db36fd244b531bb9553c62b6db5c97981a691,0.500,BEAR,0.00,0.1499995,0.7499994999999999
1769837961.259,0x79e0d0ef5c1f118cc24db129ae4db36fd244b531bb9553c62b6db5c97981a691,0.500,BEAR,0.00,0.1499995,0.7499994999999999
1769837963.265,0x79e0d0ef5c1f118cc24db129ae4db36fd244b531bb9553c62b6db5c97981a691,0.500,BEAR,0.00,0.1499995,0.7499994999999999
1769837965.263,0x79e0d0ef5c1f118cc24db129ae4db36fd244b531bb9553c62b6db5c97981a691,0.500,BEAR,0.00,0.1499995,0.7499994999999999
1769837967.268,0x79e0d0ef5c1f118cc24db129ae4db36fd244b531bb9553c62b6db5c97981a691,0.500,BEAR,0.00,0.1499995,0.7499994999999999
1769837969.267,0x79e0d0ef5c1f118cc24db129ae4db36fd244b531bb9553c62b6db5c97981a691,0.500,BEAR,0.00,0.1499995,0.7499994999999999
1769837971.271,0x79e0d0ef5c1f118cc24db129ae4db36fd244b531bb9553c62b6db5c97981a691,0.500,BEAR,0.00,0.1499995,0.7499994999999999
1769837973.272,0x79e0d0ef5c1f118cc24db129ae4db36fd244b531bb9553c62b6db5c97981a691,0.500,BEAR,0.00,0.1499995,0.7499994999999999
1769837975.274,0x79e0d0ef5c1f118cc24db129ae4db36fd244b531bb9553c62b6db5c97981a691,0.500,BEAR,0.00,0.1499995,0.7499994999999999
1769837977.274,0x79e0d0ef5c1f118cc24db129ae4db36fd244b531bb9553c62b6db5c97981a691,0.500,BEAR,0.00,0.1499995,0.7499994999999999
1769837979.275,0x79e0d0ef5c1f118cc24db129ae4db36fd244b531bb9553c62b6db5c97981a691,0.500,BEAR,0.00,0.1499995,0.7499994999999999
1769837981.274,0x79e0d0ef5c1f118cc24db129ae4db36fd244b531bb9553c62b6db5c97981a691,0.512,BULL,0.00,0.16227800000000003,0.762278
1769837983.275,0x79e0d0ef5c1f118cc24db129ae4db36fd244b531bb9553c62b6db5c97981a691,0.500,BEAR,0.00,0.24999949999999999,0.8499995
1769837985.280,0x79e0d0ef5c1f118cc24db129ae4db36fd244b531bb9553c62b6db5c97981a691,0.500,BEAR,0.00,0.1499995,0.7499994999999999
1769837987.279,0x79e0d0ef5c1f118cc24db129ae4db36fd244b531bb9553c62b6db5c97981a691,0.500,BEAR,0.00,0.1499995,0.7499994999999999
1769837989.277,0x79e0d0ef5c1f118cc24db129ae4db36fd244b531bb9553c62b6db5c97981a691,0.500,BEAR,0.00,0.1499995,0.7499994999999999
1769837991.277,0x79e0d0ef5c1f118cc24db129ae4db36fd244b531bb9553c62b6db5c97981a691,0.519,BULL,0.00,0.1689425,0.7689424999999999
1769837993.500,0x79e0d0ef5c1f118cc24db129ae4db36fd244b531bb9553c62b6db5c97981a691,0.500,BEAR,0.00,0.24999949999999999,0.8499995
1769837995.281,0x79e0d0ef5c1f118cc24db129ae4db36fd244b531bb9553c62b6db5c97981a691,0.500,BEAR,0.00,0.1499995,0.7499994999999999
1769837997.383,0x79e0d0ef5c1f118cc24db129ae4db36fd244b531bb9553c62b6db5c97981a691,0.500,BEAR,0.00,0.1499995,0.7499994999999999
1769837999.389,0x79e0d0ef5c1f118cc24db129ae4db36fd244b531bb9553c62b6db5c97981a691,0.500,BEAR,0.00,0.1499995,0.7499994999999999
1769838001.385,0x79e0d0ef5c1f118cc24db129ae4db36fd244b531bb9553c62b6db5c97981a691,0.522,BULL,0.00,0.17240750000000005,0.7724074999999999
1769838003.386,0x79e0d0ef5c1f118cc24db129ae4db36fd244b531bb9553c62b6db5c97981a691,0.500,BEAR,0.00,0.24999950000000004,0.8499995
1769838005.392,0x79e0d0ef5c1f118cc24db129ae4db36fd244b531bb9553c62b6db5c97981a691,0.500,BEAR,0.00,0.14999950000000006,0.7499994999999999
1769838007.391,0x79e0d0ef5c1f118cc24db129ae4db36fd244b531bb9553c62b6db5c97981a691,0.500,BEAR,0.00,0.14999950000000006,0.7499994999999999
1769838009.393,0x79e0d0ef5c1f118cc24db129ae4db36fd244b531bb9553c62b6db5c97981a691,0.500,BEAR,0.00,0.14999950000000006,0.7499994999999999
1769838011.443,0x79e0d0ef5c1f118cc24db129ae4db36fd244b531bb9553c62b6db5c97981a691,0.480,BEAR,0.00,0.13029750000000007,0.7302975
1769838013.395,0x79e0d0ef5c1f118cc24db129ae4db36fd244b531bb9553c62b6db5c97981a691,0.500,BEAR,0.00,0.14999950000000006,0.7499994999999999
1769838015.399,0x79e0d0ef5c1f118cc24db129ae4db36fd244b531bb9553c62b6db5c97981a691,0.500,BEAR,0.00,0.14999950000000006,0.7499994999999999
1769838017.397,0x79e0d0ef5c1f118cc24db129ae4db36fd244b531bb9553c62b6db5c97981a691,0.500,BEAR,0.00,0.14999950000000006,0.7499994999999999
1769838019.398,0x79e0d0ef5c1f118cc24db129ae4db36fd244b531bb9553c62b6db5c97981a691,0.500,BEAR,0.00,0.14999950000000006,0.7499994999999999
1769838021.400,0x79e0d0ef5c1f118cc24db129ae4db36fd244b531bb9553c62b6db5c97981a691,0.532,BULL,0.00,0.1815055,0.7815055
1769838023.404,0x79e0d0ef5c1f118cc24db129ae4db36fd244b531bb9553c62b6db5c97981a691,0.500,BEAR,0.00,0.24999949999999999,0.8499995
1769838025.403,0x79e0d0ef5c1f118cc24db129ae4db36fd244b531bb9553c62b6db5c97981a691,0.500,BEAR,0.00,0.1499995,0.7499994999999999
1769838027.401,0x79e0d0ef5c1f118cc24db129ae4db36fd244b531bb9553c62b6db5c97981a691,0.500,BEAR,0.00,0.1499995,0.7499994999999999
1769838029.405,0x79e0d0ef5c1f118cc24db129ae4db36fd244b531bb9553c62b6db5c97981a691,0.500,BEAR,0.00,0.1499995,0.7499994999999999
1769838031.404,0x79e0d0ef5c1f118cc24db129ae4db36fd244b531bb9553c62b6db5c97981a691,0.500,BEAR,0.00,0.1499995,0.7499994999999999
1769838033.407,0x79e0d0ef5c1f118cc24db129ae4db36fd244b531bb9553c62b6db5c97981a691,0.500,BEAR,0.00,0.1499995,0.7499994999999999
1769838035.408,0x79e0d0ef5c1f118cc24db129ae4db36fd244b531bb9553c62b6db5c97981a691,0.500,BEAR,0.00,0.1499995,0.7499994999999999
1769838037.410,0x79e0d0ef5c1f118cc24db129ae4db36fd244b531bb9553c62b6db5c97981a691,0.500,BEAR,0.00,0.1499995,0.7499994999999999
1769838039.412,0x79e0d0ef5c1f118cc24db129ae4db36fd244b531bb9553c62b6db5c97981a691,0.500,BEAR,0.00,0.1499995,0.7499994999999999
1769838041.411,0x79e0d0ef5c1f118cc24db129ae4db36fd244b531bb9553c62b6db5c97981a691,0.443,BEAR,0.00,0.09297599999999999,0.6929759999999999
1769838043.414,0x79e0d0ef5c1f118cc24db129ae4db36fd244b531bb9553c62b6db5c97981a691,0.500,BULL,0.00,0.1499995,0.7499994999999999
1769838045.636,0x79e0d0ef5c1f118cc24db129ae4db36fd244b531bb9553c62b6db5c97981a691,0.500,BULL,0.00,0.24999949999999999,0.8499995
1769838047.414,0x79e0d0ef5c1f118cc24db129ae4db36fd244b531bb9553c62b6db5c97981a691,0.500,BULL,0.00,0.24999949999999999,0.8499995
1769838049.416,0x79e0d0ef5c1f118cc24db129ae4db36fd244b531bb9553c62b6db5c97981a691,0.500,BULL,0.00,0.24999949999999999,0.8499995
1769838051.422,0x79e0d0ef5c1f118cc24db129ae4db36fd244b531bb9553c62b6db5c97981a691,0.500,BULL,0.00,0.24999949999999999,0.8499995
1769838053.421,0x79e0d0ef5c1f118cc24db129ae4db36fd244b531bb9553c62b6db5c97981a691,0.500,BULL,0.00,0.24999949999999999,0.8499995
1769838055.428,0x79e0d0ef5c1f118cc24db129ae4db36fd244b531bb9553c62b6db5c97981a691,0.500,BULL,0.00,0.24999949999999999,0.8499995
1769838057.426,0x79e0d0ef5c1f118cc24db129ae4db36fd244b531bb9553c62b6db5c97981a691,0.500,BULL,0.00,0.24999949999999999,0.8499995
1769838059.427,0x79e0d0ef5c1f118cc24db129ae4db36fd244b531bb9553c62b6db5c97981a691,0.500,BULL,0.00,0.24999949999999999,0.8499995
1769838061.432,0x79e0d0ef5c1f118cc24db129ae4db36fd244b531bb9553c62b6db5c97981a691,0.500,BULL,0.00,0.24999949999999999,0.8499995
1769838063.429,0x79e0d0ef5c1f118cc24db129ae4db36fd244b531bb9553c62b6db5c97981a691,0.500,BULL,0.00,0.24999949999999999,0.8499995
1769838065.433,0x79e0d0ef5c1f118cc24db129ae4db36fd244b531bb9553c62b6db5c97981a691,0.500,BULL,0.00,0.24999949999999999,0.8499995
1769838067.436,0x79e0d0ef5c1f118cc24db129ae4db36fd244b531bb9553c62b6db5c97981a691,0.500,BULL,0.00,0.24999949999999999,0.8499995
1769838069.436,0x79e0d0ef5c1f118cc24db129ae4db36fd244b531bb9553c62b6db5c97981a691,0.500,BULL,0.00,0.24999949999999999,0.8499995
1769838071.436,0x79e0d0ef5c1f118cc24db129ae4db36fd244b531bb9553c62b6db5c97981a691,0.511,BULL,0.00,0.2609155000000001,0.8609155000000002
1769838073.436,0x79e0d0ef5c1f118cc24db129ae4db36fd244b531bb9553c62b6db5c97981a691,0.500,BULL,0.00,0.24999950000000004,0.8499995
1769838075.437,0x79e0d0ef5c1f118cc24db129ae4db36fd244b531bb9553c62b6db5c97981a691,0.500,BULL,0.00,0.24999950000000004,0.8499995
1769838077.440,0x79e0d0ef5c1f118cc24db129ae4db36fd244b531bb9553c62b6db5c97981a691,0.500,BULL,0.00,0.24999950000000004,0.8499995
1769838079.440,0x79e0d0ef5c1f118cc24db129ae4db36fd244b531bb9553c62b6db5c97981a691,0.500,BULL,0.00,0.24999950000000004,0.8499995
1769838081.439,0x79e0d0ef5c1f118cc24db129ae4db36fd244b531bb9553c62b6db5c97981a691,0.459,BEAR,0.00,0.20917600000000003,0.8091760000000001
1769838083.441,0x79e0d0ef5c1f118cc24db129ae4db36fd244b531bb9553c62b6db5c97981a691,0.500,BULL,0.00,0.14999950000000006,0.7499994999999999
1769838085.443,0x79e0d0ef5c1f118cc24db129ae4db36fd244b531bb9553c62b6db5c97981a691,0.500,BULL,0.00,0.24999950000000004,0.8499995
1769838087.442,0x79e0d0ef5c1f118cc24db129ae4db36fd244b531bb9553c62b6db5c97981a691,0.500,BULL,0.00,0.24999950000000004,0.8499995
1769838089.444,0x79e0d0ef5c1f118cc24db129ae4db36fd244b531bb9553c62b6db5c97981a691,0.500,BULL,0.00,0.24999950000000004,0.8499995
1769838091.447,0x79e0d0ef5c1f118cc24db129ae4db36fd244b531bb9553c62b6db5c97981a691,0.500,BULL,0.00,0.24999950000000004,0.8499995
1769838093.447,0x79e0d0ef5c1f118cc24db129ae4db36fd244b531bb9553c62b6db5c97981a691,0.500,BULL,0.00,0.24999950000000004,0.8499995
1769838095.451,0x79e0d0ef5c1f118cc24db129ae4db36fd244b531bb9553c62b6db5c97981a691,0.500,BULL,0.00,0.24999950000000004,0.8499995
1769838097.455,0x79e0d0ef5c1f118cc24db129ae4db36fd244b531bb9553c62b6db5c97981a691,0.500,BULL,0.00,0.24999950000000004,0.8499995
1769838099.453,0x79e0d0ef5c1f118cc24db129ae4db36fd244b531bb9553c62b6db5c97981a691,0.500,BULL,0.00,0.24999950000000004,0.8499995
1769838101.453,0x79e0d0ef5c1f118cc24db129ae4db36fd244b531bb9553c62b6db5c97981a691,0.520,BULL,0.00,0.27012099999999994,0.8701209999999999
1769838103.454,0x79e0d0ef5c1f118cc24db129ae4db36fd244b531bb9553c62b6db5c97981a691,0.500,BULL,0.00,0.24999949999999999,0.8499995
1769838105.455,0x79e0d0ef5c1f118cc24db129ae4db36fd244b531bb9553c62b6db5c97981a691,0.500,BULL,0.00,0.24999949999999999,0.8499995
1769838107.458,0x79e0d0ef5c1f118cc24db129ae4db36fd244b531bb9553c62b6db5c97981a691,0.500,BULL,0.00,0.24999949999999999,0.8499995
1769838109.459,0x79e0d0ef5c1f118cc24db129ae4db36fd244b531bb9553c62b6db5c97981a691,0.500,BULL,0.00,0.24999949999999999,0.8499995
1769838111.460,0x79e0d0ef5c1f118cc24db129ae4db36fd244b531bb9553c62b6db5c97981a691,0.512,BULL,0.00,0.2620985,0.8620985000000001
1769838113.461,0x79e0d0ef5c1f118cc24db129ae4db36fd244b531bb9553c62b6db5c97981a691,0.500,BEAR,0.00,0.24999949999999999,0.8499995
1769838115.465,0x79e0d0ef5c1f118cc24db129ae4db36fd244b531bb9553c62b6db5c97981a691,0.500,BEAR,0.00,0.1499995,0.7499994999999999
1769838117.721,0x79e0d0ef5c1f118cc24db129ae4db36fd244b531bb9553c62b6db5c97981a691,0.500,BEAR,0.00,0.1499995,0.7499994999999999
1769838119.719,0x79e0d0ef5c1f118cc24db129ae4db36fd244b531bb9553c62b6db5c97981a691,0.500,BEAR,0.00,0.1499995,0.7499994999999999
1769838121.721,0x79e0d0ef5c1f118cc24db129ae4db36fd244b531bb9553c62b6db5c97981a691,0.500,BEAR,0.00,0.1499995,0.7499994999999999
1769838123.722,0x79e0d0ef5c1f118cc24db129ae4db36fd244b531bb9553c62b6db5c97981a691,0.500,BEAR,0.00,0.1499995,0.7499994999999999
1769838125.724,0x79e0d0ef5c1f118cc24db129ae4db36fd244b531bb9553c62b6db5c97981a691,0.500,BEAR,0.00,0.1499995,0.7499994999999999
1769838127.729,0x79e0d0ef5c1f118cc24db129ae4db36fd244b531bb9553c62b6db5c97981a691,0.500,BEAR,0.00,0.1499995,0.7499994999999999
1769838129.724,0x79e0d0ef5c1f118cc24db129ae4db36fd244b531bb9553c62b6db5c97981a691,0.500,BEAR,0.00,0.1499995,0.7499994999999999
1769838131.725,0x79e0d0ef5c1f118cc24db129ae4db36fd244b531bb9553c62b6db5c97981a691,0.500,BULL,0.00,0.1499995,0.7499994999999999
1769838133.729,0x79e0d0ef5c1f118cc24db129ae4db36fd244b531bb9553c62b6db5c97981a691,0.500,BULL,0.00,0.24999949999999999,0.8499995
1769838135.726,0x79e0d0ef5c1f118cc24db129ae4db36fd244b531bb9553c62b6db5c97981a691,0.500,BULL,0.00,0.24999949999999999,0.8499995
1769838137.929,0x79e0d0ef5c1f118cc24db129ae4db36fd244b531bb9553c62b6db5c97981a691,0.500,BULL,0.00,0.24999949999999999,0.8499995
1769838139.869,0x79e0d0ef5c1f118cc24db129ae4db36fd244b531bb9553c62b6db5c97981a691,0.500,BULL,0.00,0.24999949999999999,0.8499995
1769838141.909,0x79e0d0ef5c1f118cc24db129ae4db36fd244b531bb9553c62b6db5c97981a691,0.528,BULL,0.00,0.27790650000000006,0.8779065000000001
1769838143.738,0x79e0d0ef5c1f118cc24db129ae4db36fd244b531bb9553c62b6db5c97981a691,0.500,BEAR,0.00,0.24999950000000004,0.8499995
1769838145.734,0x79e0d0ef5c1f118cc24db129ae4db36fd244b531bb9553c62b6db5c97981a691,0.500,BEAR,0.00,0.14999950000000006,0.7499994999999999
1769838147.734,0x79e0d0ef5c1f118cc24db129ae4db36fd244b531bb9553c62b6db5c97981a691,0.500,BEAR,0.00,0.14999950000000006,0.7499994999999999
1769838149.737,0x79e0d0ef5c1f118cc24db129ae4db36fd244b531bb9553c62b6db5c97981a691,0.500,BEAR,0.00,0.14999950000000006,0.7499994999999999
1769838151.741,0x79e0d0ef5c1f118cc24db129ae4db36fd244b531bb9553c62b6db5c97981a691,0.500,BEAR,0.00,0.14999950000000006,0.7499994999999999
1769838153.740,0x79e0d0ef5c1f118cc24db129ae4db36fd244b531bb9553c62b6db5c97981a691,0.500,BEAR,0.00,0.14999950000000006,0.7499994999999999
1769838155.745,0x79e0d0ef5c1f118cc24db129ae4db36fd244b531bb9553c62b6db5c97981a691,0.500,BEAR,0.00,0.14999950000000006,0.7499994999999999
1769838157.746,0x79e0d0ef5c1f118cc24db129ae4db36fd244b531bb9553c62b6db5c97981a691,0.500,BEAR,0.00,0.14999950000000006,0.7499994999999999
1769838159.750,0x79e0d0ef5c1f118cc24db129ae4db36fd244b531bb9553c62b6db5c97981a691,0.500,BEAR,0.00,0.14999950000000006,0.7499994999999999
1769838161.746,0x79e0d0ef5c1f118cc24db129ae4db36fd244b531bb9553c62b6db5c97981a691,0.733,BULL,0.00,0.3825535000000001,0.9825535000000001
1769838163.748,0x79e0d0ef5c1f118cc24db129ae4db36fd244b531bb9553c62b6db5c97981a691,0.500,BEAR,0.00,0.24999950000000004,0.8499995
1769838165.751,0x79e0d0ef5c1f118cc24db129ae4db36fd244b531bb9553c62b6db5c97981a691,0.500,BEAR,0.00,0.14999950000000006,0.7499994999999999
1769838167.753,0x79e0d0ef5c1f118cc24db129ae4db36fd244b531bb9553c62b6db5c97981a691,0.500,BEAR,0.00,0.14999950000000006,0.7499994999999999
1769838169.751,0x79e0d0ef5c1f118cc24db129ae4db36fd244b531bb9553c62b6db5c97981a691,0.500,BEAR,0.00,0.14999950000000006,0.7499994999999999
1769838171.756,0x79e0d0ef5c1f118cc24db129ae4db36fd244b531bb9553c62b6db5c97981a691,0.500,BEAR,0.00,0.14999950000000006,0.7499994999999999
1769838173.862,0x79e0d0ef5c1f118cc24db129ae4db36fd244b531bb9553c62b6db5c97981a691,0.500,BEAR,0.00,0.14999950000000006,0.7499994999999999
1769838175.867,0x79e0d0ef5c1f118cc24db129ae4db36fd244b531bb9553c62b6db5c97981a691,0.500,BEAR,0.00,0.14999950000000006,0.7499994999999999
1769838177.971,0x79e0d0ef5c1f118cc24db129ae4db36fd244b531bb9553c62b6db5c97981a691,0.500,BEAR,0.00,0.14999950000000006,0.7499994999999999
1769838179.934,0x79e0d0ef5c1f118cc24db129ae4db36fd244b531bb9553c62b6db5c97981a691,0.500,BEAR,0.00,0.14999950000000006,0.7499994999999999
1769838181.769,0x79e0d0ef5c1f118cc24db129ae4db36fd244b531bb9553c62b6db5c97981a691,0.500,BEAR,0.00,0.14999950000000006,0.7499994999999999
1769838183.772,0x79e0d0ef5c1f118cc24db129ae4db36fd244b531bb9553c62b6db5c97981a691,0.500,BEAR,0.00,0.14999950000000006,0.7499994999999999
1769838185.766,0x79e0d0ef5c1f118cc24db129ae4db36fd244b531bb9553c62b6db5c97981a691,0.500,BEAR,0.00,0.14999950000000006,0.7499994999999999
1769838187.769,0x79e0d0ef5c1f118cc24db129ae4db36fd244b531bb9553c62b6db5c97981a691,0.500,BEAR,0.00,0.14999950000000006,0.7499994999999999
1769838189.769,0x79e0d0ef5c1f118cc24db129ae4db36fd244b531bb9553c62b6db5c97981a691,0.500,BEAR,0.00,0.14999950000000006,0.7499994999999999
1769838191.770,0x79e0d0ef5c1f118cc24db129ae4db36fd244b531bb9553c62b6db5c97981a691,0.514,BULL,0.00,0.16356800000000005,0.763568
1769838193.771,0x79e0d0ef5c1f118cc24db129ae4db36fd244b531bb9553c62b6db5c97981a691,0.500,BEAR,0.00,0.24999949999999999,0.8499995
1769838195.776,0x79e0d0ef5c1f118cc24db129ae4db36fd244b531bb9553c62b6db5c97981a691,0.500,BEAR,0.00,0.1499995,0.7499994999999999
1769838197.774,0x79e0d0ef5c1f118cc24db129ae4db36fd244b531bb9553c62b6db5c97981a691,0.500,BEAR,0.00,0.1499995,0.7499994999999999
1769838199.775,0x79e0d0ef5c1f118cc24db129ae4db36fd244b531bb9553c62b6db5c97981a691,0.500,BEAR,0.00,0.1499995,0.7499994999999999
1769838201.777,0x79e0d0ef5c1f118cc24db129ae4db36fd244b531bb9553c62b6db5c97981a691,0.500,BEAR,0.00,0.1499995,0.7499994999999999
1769838203.780,0x79e0d0ef5c1f118cc24db129ae4db36fd244b531bb9553c62b6db5c97981a691,0.500,BEAR,0.00,0.1499995,0.7499994999999999
1769838205.784,0x79e0d0ef5c1f118cc24db129ae4db36fd244b531bb9553c62b6db5c97981a691,0.500,BEAR,0.00,0.1499995,0.7499994999999999
1769838207.786,0x79e0d0ef5c1f118cc24db129ae4db36fd244b531bb9553c62b6db5c97981a691,0.500,BEAR,0.00,0.1499995,0.7499994999999999
1769838209.787,0x79e0d0ef5c1f118cc24db129ae4db36fd244b531bb9553c62b6db5c97981a691,0.500,BEAR,0.00,0.1499995,0.7499994999999999
1769838211.879,0x79e0d0ef5c1f118cc24db129ae4db36fd244b531bb9553c62b6db5c97981a691,0.500,BEAR,0.00,0.1499995,0.7499994999999999
1769838214.131,0x79e0d0ef5c1f118cc24db129ae4db36fd244b531bb9553c62b6db5c97981a691,0.500,BEAR,0.00,0.1499995,0.7499994999999999
1769838215.846,0x79e0d0ef5c1f118cc24db129ae4db36fd244b531bb9553c62b6db5c97981a691,0.500,BEAR,0.00,0.1499995,0.7499994999999999
1769838217.796,0x79e0d0ef5c1f118cc24db129ae4db36fd244b531bb9553c62b6db5c97981a691,0.500,BEAR,0.00,0.1499995,0.7499994999999999
1769838219.795,0x79e0d0ef5c1f118cc24db129ae4db36fd244b531bb9553c62b6db5c97981a691,0.500,BEAR,0.00,0.1499995,0.7499994999999999
1769838221.802,0x79e0d0ef5c1f118cc24db129ae4db36fd244b531bb9553c62b6db5c97981a691,0.500,BEAR,0.00,0.1499995,0.7499994999999999
1769838223.799,0x79e0d0ef5c1f118cc24db129ae4db36fd244b531bb9553c62b6db5c97981a691,0.500,BEAR,0.00,0.1499995,0.7499994999999999
1769838225.801,0x79e0d0ef5c1f118cc24db129ae4db36fd244b531bb9553c62b6db5c97981a691,0.500,BEAR,0.00,0.1499995,0.7499994999999999
1769838227.812,0x79e0d0ef5c1f118cc24db129ae4db36fd244b531bb9553c62b6db5c97981a691,0.500,BEAR,0.00,0.1499995,0.7499994999999999
1769838229.803,0x79e0d0ef5c1f118cc24db129ae4db36fd244b531bb9553c62b6db5c97981a691,0.500,BEAR,0.00,0.1499995,0.7499994999999999
1769838231.806,0x79e0d0ef5c1f118cc24db129ae4db36fd244b531bb9553c62b6db5c97981a691,0.500,BEAR,0.00,0.1499995,0.7499994999999999
1769838233.808,0x79e0d0ef5c1f118cc24db129ae4db36fd244b531bb9553c62b6db5c97981a691,0.500,BEAR,0.00,0.1499995,0.7499994999999999
1769838235.808,0x79e0d0ef5c1f118cc24db129ae4db36fd244b531bb9553c62b6db5c97981a691,0.500,BEAR,0.00,0.1499995,0.7499994999999999
1769838237.824,0x79e0d0ef5c1f118cc24db129ae4db36fd244b531bb9553c62b6db5c97981a691,0.500,BEAR,0.00,0.1499995,0.7499994999999999
1769838239.813,0x79e0d0ef5c1f118cc24db129ae4db36fd244b531bb9553c62b6db5c97981a691,0.500,BEAR,0.00,0.1499995,0.7499994999999999
1769838241.812,0x79e0d0ef5c1f118cc24db129ae4db36fd244b531bb9553c62b6db5c97981a691,0.703,BULL,0.00,0.353387,0.953387
1769838243.817,0x79e0d0ef5c1f118cc24db129ae4db36fd244b531bb9553c62b6db5c97981a691,0.500,BEAR,0.00,0.24999950000000004,0.8499995
1769838245.817,0x79e0d0ef5c1f118cc24db129ae4db36fd244b531bb9553c62b6db5c97981a691,0.500,BEAR,0.00,0.14999950000000006,0.7499994999999999
1769838247.883,0x79e0d0ef5c1f118cc24db129ae4db36fd244b531bb9553c62b6db5c97981a691,0.500,BEAR,0.00,0.14999950000000006,0.7499994999999999
1769838249.899,0x79e0d0ef5c1f118cc24db129ae4db36fd244b531bb9553c62b6db5c97981a691,0.500,BEAR,0.00,0.14999950000000006,0.7499994999999999
1769838251.989,0x79e0d0ef5c1f118cc24db129ae4db36fd244b531bb9553c62b6db5c97981a691,0.500,BEAR,0.00,0.14999950000000006,0.7499994999999999
1769838253.953,0x79e0d0ef5c1f118cc24db129ae4db36fd244b531bb9553c62b6db5c97981a691,0.500,BEAR,0.00,0.14999950000000006,0.7499994999999999
1769838255.823,0x79e0d0ef5c1f118cc24db129ae4db36fd244b531bb9553c62b6db5c97981a691,0.500,BEAR,0.00,0.14999950000000006,0.7499994999999999
1769838257.826,0x79e0d0ef5c1f118cc24db129ae4db36fd244b531bb9553c62b6db5c97981a691,0.500,BEAR,0.00,0.14999950000000006,0.7499994999999999
1769838259.848,0x79e0d0ef5c1f118cc24db129ae4db36fd244b531bb9553c62b6db5c97981a691,0.500,BEAR,0.00,0.14999950000000006,0.7499994999999999
1769838261.826,0x79e0d0ef5c1f118cc24db129ae4db36fd244b531bb9553c62b6db5c97981a691,0.628,BULL,0.00,0.27777300000000005,0.8777729999999999
1769838263.828,0x79e0d0ef5c1f118cc24db129ae4db36fd244b531bb9553c62b6db5c97981a691,0.500,BEAR,0.00,0.24999950000000004,0.8499995
1769838265.829,0x79e0d0ef5c1f118cc24db129ae4db36fd244b531bb9553c62b6db5c97981a691,0.500,BEAR,0.00,0.14999950000000006,0.7499994999999999
1769838267.832,0x79e0d0ef5c1f118cc24db129ae4db36fd244b531bb9553c62b6db5c97981a691,0.500,BEAR,0.00,0.14999950000000006,0.7499994999999999
1769838269.831,0x79e0d0ef5c1f118cc24db129ae4db36fd244b531bb9553c62b6db5c97981a691,0.500,BEAR,0.00,0.14999950000000006,0.7499994999999999
1769838271.830,0x79e0d0ef5c1f118cc24db129ae4db36fd244b531bb9553c62b6db5c97981a691,0.575,BULL,0.00,,
1769838273.830,0x79e0d0ef5c1f118cc24db129ae4db36fd244b531bb9553c62b6db5c97981a691,0.500,BEAR,0.00,,
1769838275.832,0x79e0d0ef5c1f118cc24db129ae4db36fd244b531bb9553c62b6db5c97981a691,0.500,BEAR,0.00,,
1769838277.834,0x79e0d0ef5c1f118cc24db129ae4db36fd244b531bb9553c62b6db5c97981a691,0.500,BEAR,0.00,,
1769838279.834,0x79e0d0ef5c1f118cc24db129ae4db36fd244b531bb9553c62b6db5c97981a691,0.500,BEAR,0.00,,
1769838281.836,0x79e0d0ef5c1f118cc24db129ae4db36fd244b531bb9553c62b6db5c97981a691,0.500,BEAR,0.00,,
1769838283.838,0x79e0d0ef5c1f118cc24db129ae4db36fd244b531bb9553c62b6db5c97981a691,0.500,BEAR,0.00,,
1769838285.994,0x79e0d0ef5c1f118cc24db129ae4db36fd244b531bb9553c62b6db5c97981a691,0.500,BEAR,0.00,,
1769838287.935,0x79e0d0ef5c1f118cc24db129ae4db36fd244b531bb9553c62b6db5c97981a691,0.500,BEAR,0.00,,
1769838289.953,0x79e0d0ef5c1f118cc24db129ae4db36fd244b531bb9553c62b6db5c97981a691,0.500,BEAR,0.00,,
1769838291.843,0x79e0d0ef5c1f118cc24db129ae4db36fd244b531bb9553c62b6db5c97981a691,0.500,BEAR,0.00,,
1769838293.847,0x79e0d0ef5c1f118cc24db129ae4db36fd244b531bb9553c62b6db5c97981a691,0.500,BEAR,0.00,,
1769838295.843,0x79e0d0ef5c1f118cc24db129ae4db36fd244b531bb9553c62b6db5c97981a691,0.500,BEAR,0.00,,
1769838297.845,0x79e0d0ef5c1f118cc24db129ae4db36fd244b531bb9553c62b6db5c97981a691,0.500,BEAR,0.00,,
1769838299.846,0x79e0d0ef5c1f118cc24db129ae4db36fd244b531bb9553c62b6db5c97981a691,0.500,BEAR,0.00,,
1769838301.847,0x79e0d0ef5c1f118cc24db129ae4db36fd244b531bb9553c62b6db5c97981a691,0.500,BEAR,0.00,,
1769838303.852,0x79e0d0ef5c1f118cc24db129ae4db36fd244b531bb9553c62b6db5c97981a691,0.575,BULL,0.00,,
1769838307.541,0x55a0bddcfae17b0a6954119e35cf2a2212688018b37d0e99cc4939e46a3ad008,?,NEUT,0.00,,
1769838309.545,0x55a0bddcfae17b0a6954119e35cf2a2212688018b37d0e99cc4939e46a3ad008,?,NEUT,0.00,,
1769838311.553,0x55a0bddcfae17b0a6954119e35cf2a2212688018b37d0e99cc4939e46a3ad008,?,NEUT,0.00,,
1769838313.550,0x55a0bddcfae17b0a6954119e35cf2a2212688018b37d0e99cc4939e46a3ad008,?,NEUT,0.00,,
1769838315.551,0x55a0bddcfae17b0a6954119e35cf2a2212688018b37d0e99cc4939e46a3ad008,?,NEUT,0.00,,
1769838317.553,0x55a0bddcfae17b0a6954119e35cf2a2212688018b37d0e99cc4939e46a3ad008,?,NEUT,0.00,,
1769838319.557,0x55a0bddcfae17b0a6954119e35cf2a2212688018b37d0e99cc4939e46a3ad008,?,NEUT,0.00,,
1769838321.564,0x55a0bddcfae17b0a6954119e35cf2a2212688018b37d0e99cc4939e46a3ad008,?,NEUT,0.00,,
1769838323.558,0x55a0bddcfae17b0a6954119e35cf2a2212688018b37d0e99cc4939e46a3ad008,?,NEUT,0.00,,
1769838325.563,0x55a0bddcfae17b0a6954119e35cf2a2212688018b37d0e99cc4939e46a3ad008,?,NEUT,0.00,,
1769838327.566,0x55a0bddcfae17b0a6954119e35cf2a2212688018b37d0e99cc4939e46a3ad008,?,NEUT,0.00,,
1769838329.567,0x55a0bddcfae17b0a6954119e35cf2a2212688018b37d0e99cc4939e46a3ad008,?,NEUT,0.00,,
1769838331.567,0x55a0bddcfae17b0a6954119e35cf2a2212688018b37d0e99cc4939e46a3ad008,?,NEUT,0.00,,
1769838333.570,0x55a0bddcfae17b0a6954119e35cf2a2212688018b37d0e99cc4939e46a3ad008,?,NEUT,0.00,,
1769838335.571,0x55a0bddcfae17b0a6954119e35cf2a2212688018b37d0e99cc4939e46a3ad008,?,NEUT,0.00,,
1769838337.574,0x55a0bddcfae17b0a6954119e35cf2a2212688018b37d0e99cc4939e46a3ad008,?,NEUT,0.00,,
1769838339.574,0x55a0bddcfae17b0a6954119e35cf2a2212688018b37d0e99cc4939e46a3ad008,?,NEUT,0.00,,
1769838341.579,0x55a0bddcfae17b0a6954119e35cf2a2212688018b37d0e99cc4939e46a3ad008,?,NEUT,0.00,,
1769838343.579,0x55a0bddcfae17b0a6954119e35cf2a2212688018b37d0e99cc4939e46a3ad008,?,NEUT,0.00,,
1769838345.581,0x55a0bddcfae17b0a6954119e35cf2a2212688018b37d0e99cc4939e46a3ad008,?,NEUT,0.00,,
1769838347.585,0x55a0bddcfae17b0a6954119e35cf2a2212688018b37d0e99cc4939e46a3ad008,?,NEUT,0.00,,
1769838349.587,0x55a0bddcfae17b0a6954119e35cf2a2212688018b37d0e99cc4939e46a3ad008,?,NEUT,0.00,,
1769838351.592,0x55a0bddcfae17b0a6954119e35cf2a2212688018b37d0e99cc4939e46a3ad008,?,NEUT,0.00,,
1769838353.593,0x55a0bddcfae17b0a6954119e35cf2a2212688018b37d0e99cc4939e46a3ad008,?,NEUT,0.00,,
1769838355.594,0x55a0bddcfae17b0a6954119e35cf2a2212688018b37d0e99cc4939e46a3ad008,?,NEUT,0.00,,
1769838357.597,0x55a0bddcfae17b0a6954119e35cf2a2212688018b37d0e99cc4939e46a3ad008,?,NEUT,0.00,,
1769838360.330,0x55a0bddcfae17b0a6954119e35cf2a2212688018b37d0e99cc4939e46a3ad008,?,NEUT,0.00,,
1769838362.334,0x55a0bddcfae17b0a6954119e35cf2a2212688018b37d0e99cc4939e46a3ad008,?,NEUT,0.00,,
1769838364.336,0x55a0bddcfae17b0a6954119e35cf2a2212688018b37d0e99cc4939e46a3ad008,?,NEUT,0.00,,
1769838366.339,0x55a0bddcfae17b0a6954119e35cf2a2212688018b37d0e99cc4939e46a3ad008,?,NEUT,0.00,,
1769838368.341,0x55a0bddcfae17b0a6954119e35cf2a2212688018b37d0e99cc4939e46a3ad008,?,NEUT,0.00,,
1769838370.343,0x55a0bddcfae17b0a6954119e35cf2a2212688018b37d0e99cc4939e46a3ad008,?,NEUT,0.00,,
1769838372.346,0x55a0bddcfae17b0a6954119e35cf2a2212688018b37d0e99cc4939e46a3ad008,?,NEUT,0.00,,
1769838374.354,0x55a0bddcfae17b0a6954119e35cf2a2212688018b37d0e99cc4939e46a3ad008,?,NEUT,0.00,,
1769838376.351,0x55a0bddcfae17b0a6954119e35cf2a2212688018b37d0e99cc4939e46a3ad008,?,NEUT,0.00,,
1769838378.352,0x55a0bddcfae17b0a6954119e35cf2a2212688018b37d0e99cc4939e46a3ad008,?,NEUT,0.00,,
1769838380.352,0x55a0bddcfae17b0a6954119e35cf2a2212688018b37d0e99cc4939e46a3ad008,?,NEUT,0.00,,
1769838382.355,0x55a0bddcfae17b0a6954119e35cf2a2212688018b37d0e99cc4939e46a3ad008,?,NEUT,0.00,,
1769838384.355,0x55a0bddcfae17b0a6954119e35cf2a2212688018b37d0e99cc4939e46a3ad008,?,NEUT,0.00,,
1769838386.357,0x55a0bddcfae17b0a6954119e35cf2a2212688018b37d0e99cc4939e46a3ad008,?,NEUT,0.00,,
1769838388.382,0x55a0bddcfae17b0a6954119e35cf2a2212688018b37d0e99cc4939e46a3ad008,?,NEUT,0.00,,
1769838391.050,0x55a0bddcfae17b0a6954119e35cf2a2212688018b37d0e99cc4939e46a3ad008,?,NEUT,0.00,,
1769838393.050,0x55a0bddcfae17b0a6954119e35cf2a2212688018b37d0e99cc4939e46a3ad008,?,NEUT,0.00,,
1769838395.052,0x55a0bddcfae17b0a6954119e35cf2a2212688018b37d0e99cc4939e46a3ad008,?,NEUT,0.00,,
1769838397.058,0x55a0bddcfae17b0a6954119e35cf2a2212688018b37d0e99cc4939e46a3ad008,?,NEUT,0.00,,
1769838399.058,0x55a0bddcfae17b0a6954119e35cf2a2212688018b37d0e99cc4939e46a3ad008,?,NEUT,0.00,,
1769838404.174,0x55a0bddcfae17b0a6954119e35cf2a2212688018b37d0e99cc4939e46a3ad008,?,NEUT,0.00,,
1769838406.177,0x55a0bddcfae17b0a6954119e35cf2a2212688018b37d0e99cc4939e46a3ad008,?,NEUT,0.00,,
1769838408.180,0x55a0bddcfae17b0a6954119e35cf2a2212688018b37d0e99cc4939e46a3ad008,0.500,NEUT,0.00,0.19999950000000005,0.7999995
1769838410.182,0x55a0bddcfae17b0a6954119e35cf2a2212688018b37d0e99cc4939e46a3ad008,0.500,NEUT,0.00,0.19999950000000005,0.7999995
1769838412.182,0x55a0bddcfae17b0a6954119e35cf2a2212688018b37d0e99cc4939e46a3ad008,0.500,NEUT,0.00,0.19999950000000005,0.7999995
1769838414.180,0x55a0bddcfae17b0a6954119e35cf2a2212688018b37d0e99cc4939e46a3ad008,0.500,NEUT,0.00,0.1999995,0.7999995
1769838416.183,0x55a0bddcfae17b0a6954119e35cf2a2212688018b37d0e99cc4939e46a3ad008,0.500,NEUT,0.00,0.1999995,0.7999995
1769838418.200,0x55a0bddcfae17b0a6954119e35cf2a2212688018b37d0e99cc4939e46a3ad008,0.500,NEUT,0.00,0.1999995,0.7999995
1769838420.191,0x55a0bddcfae17b0a6954119e35cf2a2212688018b37d0e99cc4939e46a3ad008,0.500,NEUT,0.00,0.1999995,0.7999995
1769838422.189,0x55a0bddcfae17b0a6954119e35cf2a2212688018b37d0e99cc4939e46a3ad008,0.500,NEUT,0.00,0.1999995,0.7999995
1769838424.197,0x55a0bddcfae17b0a6954119e35cf2a2212688018b37d0e99cc4939e46a3ad008,0.500,NEUT,0.00,0.1999995,0.7999995
1769838426.197,0x55a0bddcfae17b0a6954119e35cf2a2212688018b37d0e99cc4939e46a3ad008,0.500,BEAR,0.00,0.1999995,0.7999995
1769838428.194,0x55a0bddcfae17b0a6954119e35cf2a2212688018b37d0e99cc4939e46a3ad008,0.500,NEUT,0.00,0.1499995,0.7499994999999999
1769838430.196,0x55a0bddcfae17b0a6954119e35cf2a2212688018b37d0e99cc4939e46a3ad008,0.500,NEUT,0.00,0.1999995,0.7999995
1769838432.204,0x55a0bddcfae17b0a6954119e35cf2a2212688018b37d0e99cc4939e46a3ad008,0.500,BEAR,0.00,0.1999995,0.7999995
1769838434.201,0x55a0bddcfae17b0a6954119e35cf2a2212688018b37d0e99cc4939e46a3ad008,0.500,NEUT,0.00,0.1499995,0.7499994999999999
1769838436.202,0x55a0bddcfae17b0a6954119e35cf2a2212688018b37d0e99cc4939e46a3ad008,0.500,BEAR,0.00,0.1999995,0.7999995
1769838438.201,0x55a0bddcfae17b0a6954119e35cf2a2212688018b37d0e99cc4939e46a3ad008,0.500,NEUT,0.00,0.1499995,0.7499994999999999
1769838440.202,0x55a0bddcfae17b0a6954119e35cf2a2212688018b37d0e99cc4939e46a3ad008,0.500,NEUT,0.00,0.1999995,0.7999995
1769838442.205,0x55a0bddcfae17b0a6954119e35cf2a2212688018b37d0e99cc4939e46a3ad008,0.500,NEUT,0.00,0.1999995,0.7999995
1769838444.205,0x55a0bddcfae17b0a6954119e35cf2a2212688018b37d0e99cc4939e46a3ad008,0.500,BULL,0.00,0.1999995,0.7999995
1769838446.208,0x55a0bddcfae17b0a6954119e35cf2a2212688018b37d0e99cc4939e46a3ad008,0.500,BEAR,0.00,0.24999949999999999,0.8499995
1769838499.138,0x55a0bddcfae17b0a6954119e35cf2a2212688018b37d0e99cc4939e46a3ad008,?,NEUT,0.00,,
1769838501.140,0x55a0bddcfae17b0a6954119e35cf2a2212688018b37d0e99cc4939e46a3ad008,?,NEUT,0.00,,
